,Bob,Alice,Charlie
Bob,0.9999999999999999,0.3592106040535498,0.12903225806451615
Alice,0.3592106040535498,1.0000000000000002,0.14368424162141993
Charlie,0.12903225806451615,0.14368424162141993,0.9999999999999999
