,Bob,Alice,Charlie
Bob,1.0,0.7666997354886365,0.7537237371348323
Alice,0.7666997354886365,1.0000000000000007,0.7590987846124284
Charlie,0.7537237371348323,0.7590987846124284,0.9999999999999991
