,Bob,Alice,Charlie
Bob,0.9999999999999991,0.3210806495339677,0.2869117295245053
Alice,0.3210806495339677,0.999999999999999,0.32463447876475987
Charlie,0.2869117295245053,0.32463447876475987,1.0000000000000036
