,Bob,Alice,Charlie
Bob,1.0000000000000002,0.7666997354886368,0.7537237371348328
Alice,0.7666997354886368,1.0000000000000007,0.7590987846124286
Charlie,0.7537237371348328,0.7590987846124286,0.9999999999999993
