,Alice,Bob,Charlie
Alice,1.0000000000000004,0.3592106040535498,0.14368424162141993
Bob,0.3592106040535498,0.9999999999999999,0.12903225806451615
Charlie,0.14368424162141993,0.12903225806451615,0.9999999999999999
