,Bob,Alice,Charlie
Bob,0.9999999999999996,0.6715074579925804,0.63084389126908
Alice,0.6715074579925804,1.0000000000000002,0.5897678246195885
Charlie,0.63084389126908,0.5897678246195885,1.0
