,Bob,Alice,Charlie
Bob,0.0,16.61324772583615,31.74901573277509
Alice,16.61324772583615,0.0,31.96873472629156
Charlie,31.74901573277509,31.96873472629156,0.0
