,Alice,Bob,Charlie
Alice,0.0,6.164414002968976,6.782329983125268
Bob,6.164414002968976,0.0,6.928203230275509
Charlie,6.782329983125268,6.928203230275509,0.0
