,Bob,Alice,Charlie
Bob,0.0,6.164414002968976,6.928203230275509
Alice,6.164414002968976,0.0,6.782329983125268
Charlie,6.928203230275509,6.782329983125268,0.0
