Metric,Value
Average_Similarity,0.3710399652141973
Median_Similarity,0.30399618952923657
Variance_Similarity,0.07482804959068264
Std_Deviation_Similarity,0.2735471615474791
Min_Similarity,-0.0082878314874567
Max_Similarity,0.7666997354886368
Range_Similarity,0.7749875669760935
