,Bob,Alice,Charlie
Bob,1.0,0.43333333333333335,0.23157894736842105
Alice,0.43333333333333335,1.0,0.24242424242424243
Charlie,0.23157894736842105,0.24242424242424243,1.0
