,Bob,Alice,Charlie
Bob,1.0,0.45454545454545453,0.34615384615384615
Alice,0.45454545454545453,1.0,0.375
Charlie,0.34615384615384615,0.375,1.0
