,Alice,Bob,Charlie
Alice,1.0,0.4166666666666667,0.3333333333333333
Bob,0.5,1.0,0.3333333333333333
Charlie,0.42857142857142855,0.36,1.0
