Programmer1,Programmer2,Cosine_Similarity_Unigrams,Cosine_Similarity_Bigrams,Euclidean_Distance_Unigrams,Euclidean_Distance_Bigrams,Pearson_Correlation_Unigrams,Pearson_Correlation_Bigrams,Jaccard_Similarity_Unigrams,Jaccard_Similarity_Bigrams
Alice,Bob,0.7666997354886368,0.3210806495339678,16.61324772583615,15.937377450509228,0.7080143685891386,0.12362648205379825,0.43333333333333335,0.17532467532467533
Alice,Charlie,0.7590987846124286,0.3246344787647599,31.96873472629156,21.95449840010015,0.6847615067254712,0.023008584036859084,0.24242424242424243,0.08267716535433071
Bob,Charlie,0.7537237371348326,0.2869117295245054,31.74901573277509,22.627416997969522,0.6864434464281886,-0.00828783148745671,0.23157894736842105,0.08366533864541832
