,Alice,Bob,Charlie
Alice,1.0,0.43263943558544643,0.2833640819723443
Bob,0.43263943558544643,1.0,0.33286410112470666
Charlie,0.2833640819723443,0.33286410112470666,1.0
