,Bob,Alice,Charlie
Bob,1.0,0.43263943558544626,0.3328641011247065
Alice,0.4326394355854464,1.0,0.2833640819723443
Charlie,0.33286410112470644,0.2833640819723442,1.0
