,Bob,Alice,Charlie
Bob,1.0,0.7080143685891386,0.6864434464281886
Alice,0.7080143685891386,1.0,0.6847615067254712
Charlie,0.6864434464281886,0.6847615067254712,1.0
