,Alice,Bob,Charlie
Alice,0.9999999999999997,0.6715074579925804,0.5897678246195885
Bob,0.6715074579925804,0.9999999999999996,0.63084389126908
Charlie,0.5897678246195885,0.63084389126908,1.0
