,Alice,Bob,Charlie
Alice,0.0,0.22453655975512463,0.24916527312876752
Bob,0.22453655975512463,0.0,0.2309401076758503
Charlie,0.24916527312876752,0.2309401076758503,0.0
